USE SAT;

INSERT INTO ENDERECO(ID, CEP, BAIRRO, LOGRADOURO, NUMERO) VALUES('1', '59104000', 'IGAPÓ', 'AVENIDA BACHAREL TOMAZ LANDIM', '1590');
INSERT INTO ENDERECO(ID, CEP, BAIRRO, LOGRADOURO, NUMERO) VALUES('2', '50000000', 'DUBAI', 'BUDJI KHALIFA', 'S/N');
INSERT INTO ENDERECO(ID, CEP, BAIRRO, LOGRADOURO, NUMERO) VALUES('3', '30000000', 'CENTRO', 'AVENIDA RIO BRANCO', '33');
INSERT INTO ENDERECO(ID, CEP, BAIRRO, LOGRADOURO, NUMERO) VALUES('4', '20000000', 'QUINTAS', 'RUA DOS PEGAS', '667');

INSERT INTO PESSOsA(ID, NOME, CPF, RG, DATA_NASCIMENTO, DATA_CADASTRO, SEXO, ENDERECO_ID) VALUES ('1', 'JOÃO DANIEL', '704.833.494-02', '003.467.023', '2001/02/25', '2019/02/25', 'MASCULINO', '1');
INSERT INTO PESSOA(ID, NOME, CPF, RG, DATA_NASCIMENTO, DATA_CADASTRO, SEXO, ENDERECO_ID) VALUES ('2', 'MIZAEL CORTEZ', '407.383.944-01', '321.457.142', '1999/05/22', '2020/02/21', 'MASCULINO', '2');
INSERT INTO PESSOA(ID, NOME, CPF, RG, DATA_NASCIMENTO, DATA_CADASTRO, SEXO, ENDERECO_ID) VALUES ('3', 'LEONARDO AMORIM', '123.456.789-00', '123.456.789', '1950/10/28', '2020/02/23', 'MASCULINO', '3');
INSERT INTO PESSOA(ID, NOME, CPF, RG, DATA_NASCIMENTO, DATA_CADASTRO, SEXO, ENDERECO_ID) VALUES ('4', 'LUCAS MARIANO CALDINHO', '789.456.123-24', '258.147.369', '1992/03/10', '2020/12/25', 'MASCULINO', '4');


INSERT INTO CONTATO(PESSOA_ID, EMAIL, TELEFONE) VALUES('1', 'd2nielqueiroz@hotmail.com', '(84) 9 86362819');
INSERT INTO CONTATO(PESSOA_ID, EMAIL, TELEFONE) VALUES('2', 'mizael.cortez@ifrn.edu.br', '(84) 9 12345678');
INSERT INTO CONTATO(PESSOA_ID, EMAIL, TELEFONE) VALUES('3', 'leonardo.amorim@ifrn.edu,br', '(84) 9 87654321');
INSERT INTO CONTATO(PESSOA_ID, EMAIL, TELEFONE) VALUES('4', 'lucas.caldinho@ifrn.edu.br', '(84) 9 15975324');

INSERT INTO UNIDADE(ID, NOME, QUANTIDADE_EQUIPAMENTOS, ENDERECO_ID) VALUES('1', 'SANTO ANTÔNIO', '30', '1');

INSERT INTO USUARIO(ID, MATRICULA, SENHA, PESSOA_ID) VALUES ('1', '20161164010033', '12345678', '1');
INSERT INTO USUARIO(ID, MATRICULA, SENHA, PESSOA_ID) VALUES ('2', '1234', '12345678', '2');
INSERT INTO USUARIO(ID, MATRICULA, SENHA, PESSOA_ID) VALUES ('3', '4321', '12345678', '3');
INSERT INTO USUARIO(ID, MATRICULA, SENHA, PESSOA_ID) VALUES ('4', '9876', '12345678', '4');

INSERT INTO COORDENADOR(USUARIO_ID) VALUES('2');
INSERT INTO COORDENADOR(USUARIO_ID) VALUES('3');

INSERT INTO COORDENADOR_UNIDADE(COORDENADOR_ID, UNIDADE_ID) VALUES('2','1');
INSERT INTO COORDENADOR_GERAL(COORDENADOR_ID) VALUES('3');
INSERT INTO INSTRUTOR(USUARIO_ID, UNIDADE_ID) VALUES('4','1');
INSERT INTO TURMA(ID, CODIGO, DATA_INICIO, DATA_FIM, TURNO, INSTRUTOR_ID, UNIDADE_ID) VALUES('1', '666','2020/02/02', '2020/08/02', 'MATUTINO', '4', '1');
INSERT INTO MODULO(ID, TITULO, DESCRICAO) VALUES('1','INFORMÁTICA BÁSICA', 'SÓ O BÁSICO');
INSERT INTO TURMA_MODULO(MODULO_ID, TURMA_ID) VALUES('1','1');
INSERT INTO ALUNO(USUARIO_ID, TURMA_ID) VALUES('1','1');
INSERT INTO BOLETIM(ALUNO_ID, MODULO_ID, NOTA) VALUES('1', '1', '100');
INSERT INTO AULA(ID, DESCRICAO, `DATA`, TURMA_ID) VALUES('1', 'AULA DE INFORMÁTICA BÁSICA', '2020/02/25','1');
INSERT INTO REGISTRO_AULA(ALUNO_ID, AULA_ID, PRESENTE) VALUES('1', '1', TRUE);